standard,version,document_role,unit_type,clause_id,page,modality,is_requirement_candidate,correct_boundary,missing_text,extra_text,wrong_id,wrong_inclusion,audit_status,clean_text_preview,audit_notes
ETSI EN 303 645,V3.1.3,requirement,requirement,5.0-1,12,SHALL,True,True,False,False,False,False,PASS,A justification shall be recorded for each recommendation in the present document that is considered,Exact match to standard wording; boundaries clean
ETSI EN 303 645,V3.1.3,requirement,requirement,5.1-2A,14,SHOULD,True,True,False,False,False,False,PASS,Passwords should not be used for machine-to-machine authentication.,Exact match to standard wording; boundaries clean
ETSI EN 303 645,V3.1.3,requirement,requirement,5.1-5,14,SHALL,True,True,False,False,False,False,PASS,The consumer IoT device shall have a mechanism available which makes successful brute-force attacks ,Exact match to standard wording; boundaries clean
ETSI EN 303 645,V3.1.3,requirement,requirement,5.2-3,15,SHOULD,True,True,False,False,False,False,PASS,"Manufacturers should continually monitor for, identify and rectify security vulnerabilities within c",Exact match to standard wording; boundaries clean
ETSI EN 303 645,V3.1.3,requirement,requirement,5.3-3,17,SHALL,True,True,False,False,False,False,PASS,An update shall be simple for the user to apply.,Exact match to standard wording; boundaries clean
ETSI EN 303 645,V3.1.3,requirement,requirement,5.3-5,17,SHOULD,True,True,False,False,False,False,PASS,The consumer IoT device or an associated service should check after initialization whether security ,Exact match to standard wording; boundaries clean
ETSI EN 303 645,V3.1.3,requirement,requirement,5.3-7,18,SHALL,True,True,False,False,False,False,PASS,The consumer IoT device shall use best practice cryptography to facilitate secure update mechanisms.,Exact match to standard wording; boundaries clean
ETSI EN 303 645,V3.1.3,requirement,requirement,5.3-10,18,SHALL,True,True,False,False,False,False,PASS,"Where updates are delivered over a network interface, the consumer IoT device shall verify the authe",Exact match to standard wording; boundaries clean
ETSI EN 303 645,V3.1.3,requirement,requirement,5.3-13,19,SHALL,True,True,False,False,False,False,PASS,"The manufacturer shall publish, in an accessible way that is clear and transparent to the user, the ",Exact match to standard wording; boundaries clean
ETSI EN 303 645,V3.1.3,requirement,requirement,5.3-15B,19,SHOULD,True,True,False,False,False,False,PASS,"For devices that cannot have their software updated, the consumer IoT device hardware should be repl",Exact match to standard wording; boundaries clean
ETSI EN 303 645,V3.1.3,requirement,requirement,5.4-2,20,SHALL,True,True,False,False,False,False,PASS,Where a hard-coded unique per device identity is used in a consumer IoT device for security purposes,Exact match to standard wording; boundaries clean
ETSI EN 303 645,V3.1.3,requirement,requirement,5.5-1,21,SHALL,True,True,False,False,False,False,PASS,The consumer IoT device shall use best practice cryptography to communicate securely.,Exact match to standard wording; boundaries clean
ETSI EN 303 645,V3.1.3,requirement,requirement,5.5-4,21,SHOULD,True,True,False,False,False,False,PASS,Access to consumer IoT device functionality via a network interface in the initialized state should ,Exact match to standard wording; boundaries clean
ETSI EN 303 645,V3.1.3,requirement,requirement,5.5-7,21,SHALL,True,True,False,False,False,False,PASS,The consumer IoT device shall protect the confidentiality of critical security parameters that are c,Exact match to standard wording; boundaries clean
ETSI EN 303 645,V3.1.3,requirement,requirement,5.6-2,22,SHALL,True,True,False,False,False,False,PASS,"In the initialized state, the network interfaces of the consumer IoT device shall minimize the unaut",Exact match to standard wording; boundaries clean
ETSI EN 303 645,V3.1.3,requirement,requirement,5.6-4B,23,SHOULD,True,True,False,False,False,False,PASS,Debug interfaces that are physical ports should be physically protected by the device.,Exact match to standard wording; boundaries clean
ETSI EN 303 645,V3.1.3,requirement,requirement,5.6-7,23,SHOULD,True,True,False,False,False,False,PASS,"Software should run with least necessary privileges, taking account of both security and functionali",Exact match to standard wording; boundaries clean
ETSI EN 303 645,V3.1.3,requirement,requirement,5.7-1,24,SHOULD,True,True,False,False,False,False,PASS,The consumer IoT device should verify its software using secure boot mechanisms.,Exact match to standard wording; boundaries clean
ETSI EN 303 645,V3.1.3,requirement,requirement,5.8-2,24,SHALL,True,True,False,False,False,False,PASS,The confidentiality of sensitive personal data communicated between the consumer IoT device and asso,Exact match to standard wording; boundaries clean
ETSI EN 303 645,V3.1.3,requirement,requirement,5.9-2,25,SHOULD,True,True,False,False,False,False,PASS,Consumer IoT devices should remain operating and locally functional in the case of a loss of network,Exact match to standard wording; boundaries clean
ETSI TS 103 701,V2.1.1,assessment,assessment_step,5.0-1-1 a),24,SHALL,False,True,False,False,False,False,PASS,The TL shall check whether a justification is given in the ICS for each recommendation that is consi,Exact match to standard wording; boundaries clean
ETSI TS 103 701,V2.1.1,assessment,assessment_step,5.1-2-1 d),26,SHALL,False,True,False,False,False,False,PASS,"The TL shall assess whether the generation mechanism induces passwords, that are considered appropri",Exact match to standard wording; boundaries clean
ETSI TS 103 701,V2.1.1,assessment,assessment_step,5.1-3-1 d),28,SHALL,False,True,False,False,False,False,PASS,"For each authentication mechanism in IXIT 1-AuthMech, that is used to authenticate users against the",Exact match to standard wording; boundaries clean
ETSI TS 103 701,V2.1.1,assessment,assessment_step,5.1-5-2 b),31,SHALL,False,True,False,False,False,False,PASS,The TL shall attempt to brute force every network-based authentication mechanism described in IXIT 1,Exact match to standard wording; boundaries clean
ETSI TS 103 701,V2.1.1,assessment,assessment_step,5.2-3-1 c),33,SHALL,False,True,False,False,False,False,PASS,The TL shall assess whether the way of rectifying security vulnerabilities documented in IXIT 5-Vuln,Exact match to standard wording; boundaries clean
ETSI TS 103 701,V2.1.1,assessment,assessment_step,5.3-3-1 a),36,SHALL,False,True,False,False,False,False,PASS,"For each software component in IXIT 6-SoftComp, the TL shall assess whether at least one ""Update Mec",Exact match to standard wording; boundaries clean
ETSI TS 103 701,V2.1.1,assessment,assessment_step,5.3-4B-2 c),38,SHALL,False,True,False,False,False,False,PASS,for each automatic secure update mechanism for which the user's consent to enable the mechanisms is ,Exact match to standard wording; boundaries clean
ETSI TS 103 701,V2.1.1,assessment,assessment_step,5.3-7-1 b),42,SHALL,False,True,False,False,False,False,PASS,"For each update mechanism in IXIT 7-UpdMech, the TL shall assess whether the mechanism according to ",Exact match to standard wording; boundaries clean
ETSI TS 103 701,V2.1.1,assessment,assessment_step,5.3-9-1 d),44,SHALL,False,True,False,False,False,False,PASS,"For each update mechanism in IXIT 7-UpdMech, the TL shall check whether the integrity verification i",Exact match to standard wording; boundaries clean
ETSI TS 103 701,V2.1.1,assessment,assessment_step,5.3-13-2 a),46,SHALL,False,True,False,False,False,False,PASS,The TL shall functionally check whether the user information on accessing the resource for publishin,Exact match to standard wording; boundaries clean
ETSI TS 103 701,V2.1.1,assessment,assessment_step,5.3-15A-1 a),48,SHALL,False,True,False,False,False,False,PASS,"The TL shall assess whether the described method in ""Isolation"" in IXIT 9-ReplSup is suitable to iso",Exact match to standard wording; boundaries clean
ETSI TS 103 701,V2.1.1,assessment,assessment_step,5.3-16-2 a),50,SHALL,False,True,False,False,False,False,PASS,The TL shall functionally check whether the model designation of the DUT can be obtained applying th,Exact match to standard wording; boundaries clean
ETSI TS 103 701,V2.1.1,assessment,assessment_step,5.4-2-1 b),53,SHALL,False,True,False,False,False,False,PASS,"The TL shall assess whether for each hard-coded identity as indicated in ""Description"" in IXIT 10-Se",Exact match to standard wording; boundaries clean
ETSI TS 103 701,V2.1.1,assessment,assessment_step,5.5-1-1 a),56,SHALL,False,True,False,False,False,False,PASS,"For each secure communication mechanism in IXIT 11-SecComMech, the TL shall assess whether the ""Secu",Exact match to standard wording; boundaries clean
ETSI TS 103 701,V2.1.1,assessment,assessment_step,5.5-3-1 a),59,SHALL,False,True,False,False,False,False,PASS,"For each software component in IXIT 6-SoftComp indicating ""Cryptographic Usage"", the TL shall check ",Exact match to standard wording; boundaries clean
ETSI TS 103 701,V2.1.1,assessment,assessment_step,5.5-4-2 c),60,SHALL,False,True,False,False,False,False,PASS,"For each ""Authentication Mechanism"" referenced in IXIT 13-SoftServ, the TL shall functionally assess",Exact match to standard wording; boundaries clean
ETSI TS 103 701,V2.1.1,assessment,assessment_step,5.5-8-1 a),64,SHALL,False,True,False,False,False,False,PASS,The TL shall assess whether the secure management of critical security parameters covers the entire ,Exact match to standard wording; boundaries clean
ETSI TS 103 701,V2.1.1,assessment,assessment_step,5.6-2-1 b),67,SHALL,False,True,False,False,False,False,PASS,For each logical interface in IXIT 28-LogIntf that is described as accessible through a network inte,Exact match to standard wording; boundaries clean
ETSI TS 103 701,V2.1.1,assessment,assessment_step,5.6-4A-1 b),69,SHALL,False,True,False,False,False,False,PASS,"For each physical interface in IXIT 15-PhyIntf that is described as a debug interface according to """,Exact match to standard wording; boundaries clean
ETSI TS 103 701,V2.1.1,assessment,assessment_step,5.6-6-1 a),72,SHALL,False,True,False,False,False,False,PASS,The TL shall assess whether the code minimization techniques in IXIT 16-CodeMin are appropriate for ,Exact match to standard wording; boundaries clean
ETSI TS 103 701,V2.1.1,assessment,assessment_step,5.7-1-2 a),75,SHALL,False,True,False,False,False,False,PASS,The TL shall functionally assess whether the verification of the device software is implemented acco,Exact match to standard wording; boundaries clean
ETSI TS 103 701,V2.1.1,assessment,assessment_step,5.8-2-2 a),79,SHALL,False,True,False,False,False,False,PASS,"For all ""Secure Communication Mechanisms"" in IXIT 11-SecComMech referenced in any sensitive personal",Exact match to standard wording; boundaries clean
ETSI TS 103 701,V2.1.1,assessment,assessment_step,5.9-2-1 a),81,SHALL,False,True,False,False,False,False,PASS,The TL shall apply all test units as specified in the Test case 5.9-1-1 for the resilience mechanism,Exact match to standard wording; boundaries clean
ETSI TS 103 701,V2.1.1,assessment,assessment_step,5.10-1-1 a),83,SHALL,False,True,False,False,False,False,PASS,"The TL shall check whether at least one ""Security Examination"" is provided in IXIT 24-TelData for ex",Exact match to standard wording; boundaries clean
ETSI TS 103 701,V2.1.1,assessment,assessment_step,5.11-1-2 d),85,SHALL,False,True,False,False,False,False,PASS,"Where the DUT supports multiple users, the TL shall check whether it is possible for a user without ",Exact match to standard wording; boundaries clean
ETSI TS 103 701,V2.1.1,assessment,assessment_step,5.11-3-1 c),87,SHALL,False,True,False,False,False,False,PASS,For each deletion functionality in IXIT 25-DelFunc the TL shall perform the functionality according ,Exact match to standard wording; boundaries clean
ETSI TS 103 701,V2.1.1,assessment,assessment_step,5.12-1-2 c),89,SHALL,False,True,False,False,False,False,PASS,"For each decision in IXIT 26-UserDec the TL shall functionally assess whether the decision and its """,Exact match to standard wording; boundaries clean
ETSI TS 103 701,V2.1.1,assessment,assessment_step,5.12-3-2 b),90,SHALL,False,True,False,False,False,False,PASS,"The TL shall functionally assess whether checking the example configuration according to ""Documentat",Exact match to standard wording; boundaries clean
ETSI TS 103 701,V2.1.1,assessment,assessment_step,5.13-1B-1 a),92,SHALL,False,True,False,False,False,False,PASS,For each logical interface in IXIT 28-LogIntf that can communicate over a network interface accordin,Exact match to standard wording; boundaries clean
ETSI TS 103 701,V2.1.1,assessment,assessment_step,6-2-2 a),95,SHALL,False,True,False,False,False,False,PASS,For each personal data in IXIT 21-PersData that is processed on the basis of consumers' consent acco,Exact match to standard wording; boundaries clean
EU CRA,Regulation 2024/2847,regulation,requirement,Art. 13(1),,SHALL,True,True,False,False,False,False,PASS,"1. When placing a product with digital elements on the market, manufacturers shall ensure that it ha",Exact match to standard wording; boundaries clean
EU CRA,Regulation 2024/2847,regulation,requirement,Art. 13(2),,SHALL,True,True,False,False,False,False,PASS,"2. For the purposes of complying with the obligation laid down in paragraph 1, manufacturers shall u",Exact match to standard wording; boundaries clean
EU CRA,Regulation 2024/2847,regulation,requirement,Art. 13(3),,SHALL,True,True,False,False,False,False,PASS,"3. When placing a product with digital elements on the market, the manufacturer shall include a cybe",Exact match to standard wording; boundaries clean
EU CRA,Regulation 2024/2847,regulation,requirement,Art. 13(4),,SHALL,True,True,False,False,False,False,PASS,"4. For the purpose of complying with the obligation laid down in paragraph 1, manufacturers shall ex",Exact match to standard wording; boundaries clean
EU CRA,Regulation 2024/2847,regulation,requirement,Art. 13(5),,SHALL,True,True,False,False,False,False,PASS,"5. Manufacturers shall systematically document, in a manner that is proportionate to the nature and ",Exact match to standard wording; boundaries clean
EU CRA,Regulation 2024/2847,regulation,requirement,Art. 13(6),,SHALL,True,True,False,False,False,False,PASS,"6. When placing a product with digital elements on the market, and for the expected product lifetime",Exact match to standard wording; boundaries clean
EU CRA,Regulation 2024/2847,regulation,requirement,Art. 13(7),,SHALL,True,True,False,False,False,False,PASS,7. Manufacturers shall ensure that each product with digital elements is accompanied by the informat,Exact match to standard wording; boundaries clean
EU CRA,Regulation 2024/2847,regulation,requirement,"Annex I, Part I, 1",,SHALL,True,True,False,False,False,False,PASS,"1. Products with digital elements shall be designed, developed and produced in such a way that they ",Exact match to standard wording; boundaries clean
EU CRA,Regulation 2024/2847,regulation,requirement,"Annex I, Part I, 2(a)",,SHALL,True,True,False,False,False,False,PASS,"On the basis of the cybersecurity risk assessment referred to in Article 13(2) and where applicable,",Exact match to standard wording; boundaries clean
EU CRA,Regulation 2024/2847,regulation,requirement,"Annex I, Part I, 2(b)",,SHALL,True,True,False,False,False,False,PASS,"On the basis of the cybersecurity risk assessment referred to in Article 13(2) and where applicable,",Exact match to standard wording; boundaries clean
EU CRA,Regulation 2024/2847,regulation,requirement,"Annex I, Part I, 2(c)",,SHALL,True,True,False,False,False,False,PASS,"On the basis of the cybersecurity risk assessment referred to in Article 13(2) and where applicable,",Exact match to standard wording; boundaries clean
EU CRA,Regulation 2024/2847,regulation,requirement,"Annex I, Part I, 2(d)",,SHALL,True,True,False,False,False,False,PASS,"On the basis of the cybersecurity risk assessment referred to in Article 13(2) and where applicable,",Exact match to standard wording; boundaries clean
EU CRA,Regulation 2024/2847,regulation,requirement,"Annex I, Part I, 2(e)",,SHALL,True,True,False,False,False,False,PASS,"On the basis of the cybersecurity risk assessment referred to in Article 13(2) and where applicable,",Exact match to standard wording; boundaries clean
EU CRA,Regulation 2024/2847,regulation,requirement,"Annex I, Part I, 2(f)",,SHALL,True,True,False,False,False,False,PASS,"On the basis of the cybersecurity risk assessment referred to in Article 13(2) and where applicable,",Exact match to standard wording; boundaries clean
EU CRA,Regulation 2024/2847,regulation,requirement,"Annex I, Part I, 2(g)",,SHALL,True,True,False,False,False,False,PASS,"On the basis of the cybersecurity risk assessment referred to in Article 13(2) and where applicable,",Exact match to standard wording; boundaries clean
EU CRA,Regulation 2024/2847,regulation,requirement,"Annex I, Part I, 2(h)",,SHALL,True,True,False,False,False,False,PASS,"On the basis of the cybersecurity risk assessment referred to in Article 13(2) and where applicable,",Exact match to standard wording; boundaries clean
EU CRA,Regulation 2024/2847,regulation,requirement,"Annex I, Part I, 2(i)",,SHALL,True,True,False,False,False,False,PASS,"On the basis of the cybersecurity risk assessment referred to in Article 13(2) and where applicable,",Exact match to standard wording; boundaries clean
EU CRA,Regulation 2024/2847,regulation,requirement,"Annex I, Part I, 2(j)",,SHALL,True,True,False,False,False,False,PASS,"On the basis of the cybersecurity risk assessment referred to in Article 13(2) and where applicable,",Exact match to standard wording; boundaries clean
EU CRA,Regulation 2024/2847,regulation,requirement,"Annex I, Part I, 2(k)",,SHALL,True,True,False,False,False,False,PASS,"On the basis of the cybersecurity risk assessment referred to in Article 13(2) and where applicable,",Exact match to standard wording; boundaries clean
EU CRA,Regulation 2024/2847,regulation,requirement,"Annex I, Part I, 2(l)",,SHALL,True,True,False,False,False,False,PASS,"On the basis of the cybersecurity risk assessment referred to in Article 13(2) and where applicable,",Exact match to standard wording; boundaries clean
UK PSTI,SI 2023/1007,regulation,requirement,"Schedule 1, Paragraph 1(2)",,MUST,True,True,False,False,False,False,PASS,(2) Passwords must be— (a)unique per product; or (b)defined by the user of the product.,Exact match to standard wording; boundaries clean
UK PSTI,SI 2023/1007,regulation,requirement,"Schedule 1, Paragraph 1(3)",,MUST,True,True,False,False,False,False,PASS,(3) Passwords which are unique per product must not be— (a)based on incremental counters; (b)based o,Exact match to standard wording; boundaries clean
UK PSTI,SI 2023/1007,regulation,requirement,"Schedule 1, Paragraph 2(2)",,MUST,True,True,False,False,False,False,PASS,(2) The following information must be published— (a)at least one point of contact to allow a person ,Exact match to standard wording; boundaries clean
UK PSTI,SI 2023/1007,regulation,requirement,"Schedule 1, Paragraph 2(3)",,MUST,True,True,False,False,False,False,PASS,"(3) The information in sub-paragraph (2) must be accessible, clear and transparent, and must be made",Exact match to standard wording; boundaries clean
UK PSTI,SI 2023/1007,regulation,requirement,"Schedule 1, Paragraph 3(2)",,MUST,True,True,False,False,False,False,PASS,(2) The defined support period must be published.,Exact match to standard wording; boundaries clean
UK PSTI,SI 2023/1007,regulation,requirement,"Schedule 1, Paragraph 3(3)",,MUST,True,True,False,False,False,False,PASS,(3) If a manufacturer extends the minimum length of time for which security updates will be provided,Exact match to standard wording; boundaries clean
UK PSTI,SI 2023/1007,regulation,requirement,"Schedule 1, Paragraph 3(4)",,MUST,True,True,False,False,False,False,PASS,"(4) The information in sub-paragraphs (2) and (3) must be accessible, clear and transparent, and mus",Exact match to standard wording; boundaries clean
UK PSTI,SI 2023/1007,regulation,requirement,"Schedule 1, Paragraph 3(5)",,MUST,True,True,False,False,False,False,PASS,(5) Where a manufacturer publishes an invitation to purchase a relevant connectable product on its o,Exact match to standard wording; boundaries clean
UK PSTI,SI 2023/1007,regulation,requirement,"Schedule 1, Paragraph 3(6)",,OTHER,True,True,False,False,False,False,PASS,(6) The security requirements in this paragraph are not met if the defined support period is shorten,Exact match to standard wording; boundaries clean
UK PSTI,SI 2023/1007,regulation,requirement,"Schedule 2, Paragraph 1(2)",,OTHER,True,True,False,False,False,False,PASS,"(2) The condition is that the manufacturer complies with provision 5.1-1 of ETSI EN 303 645 and, whe",Exact match to standard wording; boundaries clean
UK PSTI,SI 2023/1007,regulation,requirement,"Schedule 2, Paragraph 2(2)",,OTHER,True,True,False,False,False,False,PASS,(2) The condition is that the manufacturer complies with— (a)provision 5.2-1 of ETSI EN 303 645; or ,Exact match to standard wording; boundaries clean
UK PSTI,SI 2023/1007,regulation,requirement,"Schedule 2, Paragraph 2(3)",,OTHER,True,True,False,False,False,False,PASS,(3) A manufacturer is required to publish information as to— (a)how a person may access the mechanis,Exact match to standard wording; boundaries clean
UK PSTI,SI 2023/1007,regulation,requirement,"Schedule 2, Paragraph 2(4)",,MUST,True,True,False,False,False,False,PASS,"(4) The information at sub-paragraph (3) must be accessible, clear and transparent, and must be made",Exact match to standard wording; boundaries clean
UK PSTI,SI 2023/1007,regulation,requirement,"Schedule 2, Paragraph 3(2)",,OTHER,True,True,False,False,False,False,PASS,"(2) The condition is that, subject to sub-paragraphs (3), (5) and (6) of paragraph 3 of Schedule 1 a",Exact match to standard wording; boundaries clean
UK PSTI,SI 2023/1007,regulation,requirement,"Schedule 2, Paragraph 3(3)",,OTHER,True,True,False,False,False,False,PASS,(3) References at provision 5.3-13 of ETSI EN 303 645 to “defined support period” are to be construe,Exact match to standard wording; boundaries clean
UK PSTI,SI 2023/1007,regulation,requirement,"Schedule 2, Paragraph 3(4)",,OTHER,True,True,False,False,False,False,PASS,(4) Reference at provision 5.3-13 of ETSI EN 303 645 to the information being published in an access,Exact match to standard wording; boundaries clean
NISTIR 8259A,Final,guidance,capability,Device Identification - Element 1,11,OTHER,True,True,False,False,False,False,PASS,A unique logical identifier,Exact match to standard wording; boundaries clean
NISTIR 8259A,Final,guidance,capability,Device Identification - Element 2,11,OTHER,True,True,False,False,False,False,PASS,A unique physical identifier at an external or internal location on the device authorized entities c,Exact match to standard wording; boundaries clean
NISTIR 8259A,Final,guidance,capability,Device Configuration - Element 1,12,OTHER,True,True,False,False,False,False,PASS,The ability to change the device’s software configuration settings,Exact match to standard wording; boundaries clean
NISTIR 8259A,Final,guidance,capability,Device Configuration - Element 2,12,OTHER,True,True,False,False,False,False,PASS,The ability to restrict configuration changes to authorized entities only,Exact match to standard wording; boundaries clean
NISTIR 8259A,Final,guidance,capability,Device Configuration - Element 3,12,OTHER,True,True,False,False,False,False,PASS,The ability for authorized entities to restore the device to a secure configuration defined by an au,Exact match to standard wording; boundaries clean
NISTIR 8259A,Final,guidance,capability,Data Protection - Element 1,13,OTHER,True,True,False,False,False,False,PASS,The ability to use demonstrably secure cryptographic modules for standardized cryptographic algorith,Exact match to standard wording; boundaries clean
NISTIR 8259A,Final,guidance,capability,Data Protection - Element 2,13,OTHER,True,True,False,False,False,False,PASS,"The ability for authorized entities to render all data on the device inaccessible by all entities, w",Exact match to standard wording; boundaries clean
NISTIR 8259A,Final,guidance,capability,Data Protection - Element 3,13,OTHER,True,True,False,False,False,False,PASS,"Configuration settings for use with the Device Configuration capability including, but not limited t",Exact match to standard wording; boundaries clean
NISTIR 8259A,Final,guidance,capability,Logical Access to Interfaces - Element 1,14,OTHER,True,True,False,False,False,False,PASS,The ability to logically or physically disable any local and network interfaces that are not necessa,Exact match to standard wording; boundaries clean
NISTIR 8259A,Final,guidance,capability,Logical Access to Interfaces - Element 2,14,OTHER,True,True,False,False,False,False,PASS,The ability to logically restrict access to each network interface to only authorized entities (e.g.,Exact match to standard wording; boundaries clean
NISTIR 8259A,Final,guidance,capability,Logical Access to Interfaces - Element 3,14,OTHER,True,True,False,False,False,False,PASS,"Configuration settings for use with the Device Configuration capability including, but not limited t",Exact match to standard wording; boundaries clean
NISTIR 8259A,Final,guidance,capability,Software Update - Element 1,15,OTHER,True,True,False,False,False,False,PASS,"The ability to update the device’s software through remote (e.g., network download) and/or local mea",Exact match to standard wording; boundaries clean
NISTIR 8259A,Final,guidance,capability,Software Update - Element 2,15,OTHER,True,True,False,False,False,False,PASS,The ability to verify and authenticate any update before installing it,Exact match to standard wording; boundaries clean
NISTIR 8259A,Final,guidance,capability,Software Update - Element 3,15,OTHER,True,True,False,False,False,False,PASS,The ability for authorized entities to roll back updated software to a previous version,Exact match to standard wording; boundaries clean
NISTIR 8259A,Final,guidance,capability,Software Update - Element 4,15,OTHER,True,True,False,False,False,False,PASS,The ability to restrict updating actions to authorized entities only,Exact match to standard wording; boundaries clean
NISTIR 8259B,Final,guidance,capability,Documentation - Element 1,12,OTHER,True,True,False,False,False,False,PASS,Document assumptions made during the development process and other expectations related to the IoT d,Exact match to standard wording; boundaries clean
NISTIR 8259B,Final,guidance,capability,Documentation - Element 2,12,OTHER,True,True,False,False,False,False,PASS,"Document the device cybersecurity capabilities, such as those detailed within NISTIR 8259A, that are",Exact match to standard wording; boundaries clean
NISTIR 8259B,Final,guidance,capability,Documentation - Element 3,12,OTHER,True,True,False,False,False,False,PASS,"Document device design and support considerations related to the IoT device, such as:4 a. IoT platfo",Exact match to standard wording; boundaries clean
NISTIR 8259B,Final,guidance,capability,Documentation - Element 4,13,OTHER,True,True,False,False,False,False,PASS,"Document maintenance requirements for the IoT device, such as: a. Cybersecurity maintenance expectat",Exact match to standard wording; boundaries clean
NISTIR 8259B,Final,guidance,capability,Information and Query Reception - Element 1,14,OTHER,True,True,False,False,False,False,PASS,The ability for the manufacturer and/or supporting entity to receive maintenance and vulnerability i,Exact match to standard wording; boundaries clean
NISTIR 8259B,Final,guidance,capability,Information and Query Reception - Element 2,14,OTHER,True,True,False,False,False,False,PASS,The ability for the manufacturer and/or supporting entity to respond to customer and third-party que,Exact match to standard wording; boundaries clean
NISTIR 8259B,Final,guidance,capability,Information Dissemination - Element 1,15,OTHER,True,True,False,False,False,False,PASS,The procedures to support the ability for the manufacturer and/or supporting entity to alert custome,Exact match to standard wording; boundaries clean
NISTIR 8259B,Final,guidance,capability,Information Dissemination - Element 2,15,OTHER,True,True,False,False,False,False,PASS,The procedures to support the ability for the manufacturer and/or supporting entity to notify custom,Exact match to standard wording; boundaries clean
NISTIR 8259B,Final,guidance,capability,Device Education and Awareness - Element 1,16,OTHER,True,True,False,False,False,False,PASS,Educate customers of the IoT device and others in the ecosystem about the presence and use of device,Exact match to standard wording; boundaries clean
NISTIR 8259B,Final,guidance,capability,Device Education and Awareness - Element 2,16,OTHER,True,True,False,False,False,False,PASS,Educate customers and others about how an IoT device can be securely reprovisioned or disposed of.,Exact match to standard wording; boundaries clean
NIST IoT Catalog,Current Public,guidance,capability,nontechnical_documentation-1,,OTHER,True,True,False,False,False,False,PASS,Establishing and providing communications that describe the suggested types of resources necessary t,Exact match to standard wording; boundaries clean
NIST IoT Catalog,Current Public,guidance,capability,technical_identity-2,,OTHER,True,True,False,False,False,False,PASS,Ability to uniquely identify a remote IoT device.,Exact match to standard wording; boundaries clean
NIST IoT Catalog,Current Public,guidance,capability,technical_logical-1,,OTHER,True,True,False,False,False,False,PASS,Ability for the IoT device to require authentication prior to connecting to the device.,Exact match to standard wording; boundaries clean
NIST IoT Catalog,Current Public,guidance,capability,technical_logical-11,,OTHER,True,True,False,False,False,False,PASS,Ability to automatically disable accounts for the IoT device after an establish period of inactivity,Exact match to standard wording; boundaries clean
NIST IoT Catalog,Current Public,guidance,capability,technical_logical-21,,OTHER,True,True,False,False,False,False,PASS,Ability to identify authorized users and processes.,Exact match to standard wording; boundaries clean
NIST IoT Catalog,Current Public,guidance,capability,technical_logical-31,,OTHER,True,True,False,False,False,False,PASS,"Ability to apply least privilege to user accounts (i.e., to ensure that the processes operate at pri",Exact match to standard wording; boundaries clean
NIST IoT Catalog,Current Public,guidance,capability,technical_logical-41,,OTHER,True,True,False,False,False,False,PASS,Ability to control access to IoT device audit data.,Exact match to standard wording; boundaries clean
NIST IoT Catalog,Current Public,guidance,capability,technical_logical-51,,OTHER,True,True,False,False,False,False,PASS,"Ability to securely interact with authorized external, third-party systems.",Exact match to standard wording; boundaries clean
NIST IoT Catalog,Current Public,guidance,capability,technical_logical-61,,OTHER,True,True,False,False,False,False,PASS,Ability to restrict use of IoT device services.,Exact match to standard wording; boundaries clean
NIST IoT Catalog,Current Public,guidance,capability,technical_protection-1,,OTHER,True,True,False,False,False,False,PASS,Ability to execute cryptographic mechanisms of appropriate strength and performance.,Exact match to standard wording; boundaries clean
NIST IoT Catalog,Current Public,guidance,capability,technical_protection-11,,OTHER,True,True,False,False,False,False,PASS,"Ability to cryptographically store passwords at rest, as well as device identity and other authentic",Exact match to standard wording; boundaries clean
NIST IoT Catalog,Current Public,guidance,capability,technical_protection-21,,OTHER,True,True,False,False,False,False,PASS,Ability to utilize one or more capabilities to protect the data it transmits from unauthorized acces,Exact match to standard wording; boundaries clean
NIST IoT Catalog,Current Public,guidance,capability,technical_security-9,,OTHER,True,True,False,False,False,False,PASS,"Ability to terminate network connections (e.g., automatically based on organizationally-defined para",Exact match to standard wording; boundaries clean
NIST IoT Catalog,Current Public,guidance,capability,technical_security-19,,OTHER,True,True,False,False,False,False,PASS,Ability to manage memory address space assigned to processes.,Exact match to standard wording; boundaries clean
NIST IoT Catalog,Current Public,guidance,capability,technical_security-29,,OTHER,True,True,False,False,False,False,PASS,"Ability to store the operating environment (e.g., firmware image, software, applications) in read-on",Exact match to standard wording; boundaries clean
NIST IoT Catalog,Current Public,guidance,capability,technical_state-2,,OTHER,True,True,False,False,False,False,PASS,Ability to preserve system state information.,Exact match to standard wording; boundaries clean
NIST IoT Catalog,Current Public,guidance,capability,technical_state-12,,OTHER,True,True,False,False,False,False,PASS,Ability to detect remote activation of sensors.,Exact match to standard wording; boundaries clean
NIST IoT Catalog,Current Public,guidance,capability,technical_state-22,,OTHER,True,True,False,False,False,False,PASS,Ability to prevent download of unapproved content.,Exact match to standard wording; boundaries clean
NIST IoT Catalog,Current Public,guidance,capability,technical_state-32,,OTHER,True,True,False,False,False,False,PASS,Ability to capture organizationally-defined information to support examination of security incidents,Exact match to standard wording; boundaries clean
NIST IoT Catalog,Current Public,guidance,capability,technical_state-42,,OTHER,True,True,False,False,False,False,PASS,Ability to report on its cybersecurity state.,Exact match to standard wording; boundaries clean
